City,x
Abbeville,59.00
Acadia,105.00
Accomack,85.00
Ada,229.00
Adair,143.00
Adams,890.00
Addison,34.00
Aiken,492.00
Aitkin,14.00
Alachua,85725.00
Alamance,324.00
Alameda,26969.00
Alamosa,24.00
Albany,455.00
Albemarle,99.00
Alcona,16.00
Alcorn,27.00
Aleutians West,8.00
Alexander,93.00
Alexandria,242.00
Alfalfa,3.00
Alger,13.00
Allamakee,1.00
Allegan,62.00
Allegany,99.00
Alleghany,33.00
Allegheny,6630.00
Allen,1867.00
Allendale,57.00
Alpena,20.00
Alpine,6.00
Amador,31.00
Amelia,19.00
Amherst,56.00
Amite,4.00
Anchorage,1195.00
Anderson,981.00
Andrew,14.00
Andrews,24.00
Androscoggin,90.00
Angelina,233.00
Anne Arundel,916.00
Anoka,117.00
Anson,142.00
Antelope,2.00
Antrim,6.00
Apache,27.00
Appanoose,9.00
Appling,24.00
Appomattox,25.00
Aransas,46.00
Arapahoe,1601.00
Archer,14.00
Archuleta,11.00
Arenac,9.00
Arkansas,58.00
Arlington,225.00
Armstrong,38.00
Aroostook,54.00
Ascension,194.00
Ashe,37.00
Ashland,37.00
Ashley,102.00
Ashtabula,74.00
Asotin,17.00
Assumption,48.00
Atascosa,111.00
Atchison,18.00
Athens,24.00
Atkinson,16.00
Atlantic,882.00
Atoka,31.00
Attala,48.00
Audrain,28.00
Auglaize,7.00
Augusta,98.00
Austin,43.00
Autauga,68.00
Avery,23.00
Avoyelles,42.00
Baca,2.00
Bacon,28.00
Bailey,17.00
Baker,7885.00
Baldwin,300.00
Ballard,5.00
Baltimore,2688.00
Baltimore city,115042.00
Bamberg,66.00
Bandera,26.00
Banks,12.00
Bannock,57.00
Baraga,3.00
Barber,1.00
Barbour,76.00
Barnes,7.00
Barnstable,108.00
Barnwell,74.00
Barren,41.00
Barron,23.00
Barrow,63.00
Barry,63.00
Bartholomew,43.00
Barton,40.00
Bartow,76.00
Bastrop,119.00
Bates,25.00
Bath,23.00
Baxter,38.00
Bay,79558.00
Bayfield,12.00
Baylor,10.00
Beadle,3.00
Bear Lake,4.00
Beaufort,382.00
Beauregard,46.00
Beaver,197.00
Beaverhead,5.00
Becker,17.00
Beckham,45.00
Bedford,169.00
Bee,44.00
Belknap,35.00
Bell,839.00
Belmont,35.00
Beltrami,32.00
Ben Hill,48.00
Benewah,12.00
Bennett,3.00
Bennington,25.00
Benson,2.00
Bent,7.00
Benton,372.00
Benzie,16.00
Bergen,433.00
Berkeley,519.00
Berks,755.00
Berkshire,46.00
Bernalillo,5278.00
Berrien,375.00
Bertie,79.00
Bethel,25.00
Bexar,38834.00
Bibb,1375.00
Bienville,40.00
Big Horn,22.00
Big Stone,1.00
Bingham,35.00
Black Hawk,120.00
Blackford,8.00
Bladen,135.00
Blaine,39.00
Blair,102.00
Blanco,15.00
Bland,12.00
Bleckley,14.00
Bledsoe,13.00
Blount,133.00
Blue Earth,27.00
Boise,19.00
Bolivar,82.00
Bollinger,11.00
Bon Homme,1.00
Bond,7.00
Bonner,34.00
Bonneville,71.00
Boone,331.00
Borden,2.00
Bosque,23.00
Bossier,268.00
Botetourt,68.00
Bottineau,4.00
Boulder,175.00
Boundary,14.00
Bourbon,42.00
Bowie,305.00
Bowman,1.00
Box Butte,11.00
Box Elder,24.00
Boyd,38.00
Boyle,23.00
Bracken,2.00
Bradford,5066.00
Bradley,169.00
Branch,36.00
Brantley,14.00
Braxton,19.00
Brazoria,482.00
Brazos,276.00
Breathitt,63.00
Breckinridge,25.00
Bremer,6.00
Brevard,206070.00
Brewster,18.00
Briscoe,3.00
Bristol,479.00
Bristol Bay,3.00
Broadwater,5.00
Bronx,1.00
Brooke,14.00
Brookings,4.00
Brooks,53.00
Broome,177.00
Broomfield,13.00
Broward,708353.00
Brown,268.00
Brunswick,209.00
Bryan,95.00
Buchanan,209.00
Buckingham,39.00
Bucks,361.00
Buena Vista,20.00
Buffalo,23.00
Bullitt,28.00
Bulloch,67.00
Bullock,21.00
Buncombe,459.00
Bureau,11.00
Burke,256.00
Burleigh,45.00
Burleson,44.00
Burlington,282.00
Burnet,39.00
Burnett,10.00
Burt,3.00
Butler,678.00
Butte,395.00
Butts,31.00
Cabarrus,306.00
Cabell,227.00
Cache,22.00
Caddo,4529.00
Calaveras,150.00
Calcasieu,598.00
Caldwell,289.00
Caledonia,26.00
Calhoun,7815.00
Callahan,16.00
Callaway,36.00
Calloway,25.00
Calumet,8.00
Calvert,65.00
Camas,1.00
Cambria,181.00
Camden,3973.00
Cameron,863.00
Camp,28.00
Campbell,261.00
Canadian,292.00
Candler,9.00
Cannon,12.00
Canyon,153.00
Cape Girardeau,75.00
Cape May,93.00
Carbon,126.00
Caribou,5.00
Carlisle,1.00
Carlton,17.00
Caroline,104.00
Carroll,421.00
Carson,13.00
Carson City city,27.00
Carter,623.00
Carteret,77.00
Carver,27.00
Cascade,80.00
Casey,19.00
Cass,318.00
Cassia,39.00
Castro,14.00
Caswell,75.00
Catahoula,17.00
Catawba,386.00
Catoosa,50.00
Catron,8.00
Cattaraugus,43.00
Cavalier,3.00
Cayuga,45.00
Cecil,130.00
Cedar,22.00
Centre,63.00
Cerro Gordo,23.00
Chaffee,10.00
Chambers,183.00
Champaign,116.00
Chariton,2.00
Charles,209.00
Charles City,13.00
Charles Mix,10.00
Charleston,1630.00
Charlevoix,9.00
Charlotte,23638.00
Charlottesville,121.00
Charlton,6.00
Chase,1.00
Chatham,2578.00
Chattahoochee,7.00
Chattooga,132.00
Chautauqua,76.00
Chaves,297.00
Cheatham,32.00
Cheboygan,13.00
Chelan,97.00
Chemung,88.00
Chenango,30.00
Cherokee,537.00
Cherry,4.00
Chesapeake,521.00
Cheshire,32.00
Chester,481.00
Chesterfield,559.00
Cheyenne,12.00
Chickasaw,61.00
Chicot,77.00
Childress,8.00
Chilton,49.00
Chippewa,55.00
Chisago,19.00
Chittenden,77.00
Choctaw,108.00
Chouteau,6.00
Chowan,36.00
Christian,200.00
Churchill,23.00
Cibola,32.00
Cimarron,9.00
Citrus,38061.00
Clackamas,321.00
Claiborne,152.00
Clallam,65.00
Clare,35.00
Clarendon,132.00
Clarion,40.00
Clark,25640.00
Clarke,364.00
Clatsop,37.00
Clay,49020.00
Clayton,986.00
Clear Creek,17.00
Clearfield,58.00
Clearwater,11.00
Cleburne,65.00
Clermont,107.00
Cleveland,1310.00
Clifton Forge,3.00
Clinch,26.00
Clinton,217.00
Cloud,7.00
Coahoma,139.00
Coal,13.00
Cobb,857.00
Cochise,199.00
Cochran,3.00
Cocke,96.00
Coconino,169.00
Codington,9.00
Coffee,243.00
Coffey,2.00
Coke,4.00
Colbert,78.00
Cole,78.00
Coleman,16.00
Coles,12.00
Colfax,17.00
Colleton,189.00
Collier,89307.00
Collin,334.00
Collingsworth,3.00
Colonial Heights,21.00
Colorado,50.00
Colquitt,159.00
Columbia,37374.00
Columbiana,35.00
Columbus,260.00
Colusa,36.00
Comal,96.00
Comanche,1515.00
Concho,5.00
Concordia,39.00
Conecuh,26.00
Conejos,13.00
Contra Costa,4729.00
Converse,16.00
Conway,53.00
Cook,669751.00
Cooke,73.00
Cooper,17.00
Coos,112.00
Coosa,39.00
Copiah,24.00
Cortland,15.00
Coryell,48.00
Coshocton,23.00
Costilla,2.00
Cottle,3.00
Cotton,16.00
Cottonwood,5.00
Covington,295.00
Coweta,110.00
Cowley,24.00
Cowlitz,113.00
Craig,49.00
Craighead,154.00
Crane,5.00
Craven,161.00
Crawford,275.00
Creek,137.00
Crenshaw,47.00
Crisp,89.00
Crittenden,409.00
Crockett,43.00
Crook,22.00
Crosby,17.00
Cross,49.00
Crow Wing,29.00
Crowley,4.00
Culberson,16.00
Cullman,59.00
Culpeper,42.00
Cumberland,2655.00
Cuming,2.00
Currituck,24.00
Curry,122.00
Custer,186.00
Cuyahoga,30247.00
Dade,1511781.00
Daggett,4.00
Dakota,111.00
Dale,88.00
Dallam,17.00
Dallas,126839.00
Dane,292.00
Daniels,1.00
Danville,252.00
Dare,45.00
Darke,31.00
Darlington,293.00
Dauphin,731.00
Davidson,12653.00
Davie,50.00
Daviess,108.00
Davis,117.00
Davison,5.00
Dawes,3.00
Dawson,80.00
Day,3.00
De Kalb,8163.00
De Soto,7681.00
De Witt,27.00
Deaf Smith,23.00
Dearborn,16.00
Decatur,124.00
Deer Lodge,12.00
Defiance,15.00
DeKalb,44.00
Del Norte,62.00
Delaware,1737.00
Delta,46.00
Dent,19.00
Denton,318.00
Denver,9927.00
Des Moines,34.00
Deschutes,103.00
Desha,60.00
DeSoto,83.00
Deuel,6.00
Dewey,5.00
Dickens,6.00
Dickenson,64.00
Dickey,2.00
Dickinson,29.00
Dickson,44.00
Dillingham,11.00
Dillon,197.00
Dimmit,35.00
Dinwiddie,107.00
District of Columbia,133621.00
Divide,1.00
Dixie,2755.00
Doddridge,8.00
Dodge,79.00
Dona Ana,425.00
Doniphan,3.00
Donley,7.00
Dooly,16.00
Door,12.00
Dorchester,247.00
Dougherty,686.00
Douglas,2400.00
Drew,51.00
Dubois,17.00
Dubuque,25.00
Duchesne,18.00
Dukes,4.00
Dundy,2.00
Dunklin,49.00
Dunn,12.00
DuPage,109.00
Duplin,202.00
Durham,1795.00
Dutchess,296.00
Duval,529579.00
Dyer,69.00
Eagle,20.00
Early,19.00
East Baton Rouge,7782.00
East Carroll,37.00
East Feliciana,32.00
Eastland,25.00
Eaton,45.00
Eau Claire,43.00
Echols,4.00
Ector,620.00
Eddy,98.00
Edgar,5.00
Edgecombe,141.00
Edgefield,69.00
Edmonson,10.00
Edmunds,9.00
Edwards,16.00
Effingham,17.00
El Dorado,254.00
El Paso,3973.00
Elbert,59.00
Elk,36.00
Elkhart,259.00
Elko,80.00
Elliott,21.00
Ellis,231.00
Ellsworth,4.00
Elmore,155.00
Emanuel,57.00
Emery,10.00
Emmet,14.00
Emporia,27.00
Erath,41.00
Erie,5873.00
Escambia,113294.00
Esmeralda,4.00
Essex,21205.00
Estill,20.00
Etowah,349.00
Eureka,2.00
Evangeline,54.00
Evans,9.00
Fairbanks North Star,107.00
Fairfax,921.00
Fairfield,3310.00
Fall River,5.00
Fallon,1.00
Falls,45.00
Falls Church,12.00
Fannin,76.00
Faribault,6.00
Faulk,1.00
Faulkner,115.00
Fauquier,66.00
Fayette,1774.00
Fentress,26.00
Fergus,6.00
Ferry,17.00
Fillmore,12.00
Finney,60.00
Fisher,7.00
Flagler,10118.00
Flathead,46.00
Fleming,9.00
Florence,508.00
Floyd,404.00
Fluvanna,25.00
Foard,1.00
Fond du Lac,38.00
Ford,62.00
Forest,30.00
Forrest,237.00
Forsyth,1450.00
Fort Bend,572.00
Fountain,8.00
Franklin,20084.00
Frederick,246.00
Fredericksburg,55.00
Freeborn,11.00
Freestone,39.00
Fremont,173.00
Fresno,7778.00
Frio,37.00
Fulton,45949.00
Furnas,3.00
Gadsden,14274.00
Gage,18.00
Gaines,20.00
Galax,21.00
Gallatin,35.00
Gallia,38.00
Galveston,1069.00
Garden,1.00
Garfield,147.00
Garland,293.00
Garrard,16.00
Garrett,29.00
Garvin,58.00
Garza,9.00
Gasconade,3.00
Gaston,707.00
Gates,19.00
Geary,64.00
Geauga,28.00
Gem,10.00
Genesee,4824.00
Geneva,49.00
Gentry,1.00
George,15.00
Georgetown,132.00
Gibson,99.00
Gila,70.00
Gilchrist,6912.00
Giles,72.00
Gillespie,18.00
Gilmer,21.00
Gilpin,11.00
Glacier,4.00
Glades,1219.00
Gladwin,16.00
Glascock,2.00
Glasscock,2.00
Glenn,38.00
Gloucester,231.00
Glynn,249.00
Gogebic,13.00
Golden Valley,2.00
Goliad,10.00
Gonzales,71.00
Goochland,37.00
Goodhue,18.00
Gooding,12.00
Gordon,54.00
Goshen,8.00
Gosper,1.00
Gove,2.00
Grady,334.00
Grafton,43.00
Graham,31.00
Grainger,32.00
Grand,30.00
Grand Forks,31.00
Grand Isle,7.00
Grand Traverse,22.00
Granite,3.00
Grant,392.00
Granville,118.00
Gratiot,14.00
Graves,38.00
Gray,62.00
Grays Harbor,111.00
Grayson,265.00
Greeley,1.00
Green,15.00
Green Lake,9.00
Greenbrier,40.00
Greene,930.00
Greenlee,5.00
Greensville,26.00
Greenup,22.00
Greenville,1738.00
Greenwood,202.00
Greer,17.00
Gregg,570.00
Grenada,90.00
Griggs,2.00
Grimes,59.00
Grundy,44.00
Guadalupe,156.00
Guernsey,17.00
Guilford,2224.00
Gulf,1739.00
Gunnison,7.00
Guthrie,3.00
Gwinnett,1248.00
Habersham,23.00
Haines,1.00
Hale,81.00
Halifax,416.00
Hall,278.00
Hamblen,94.00
Hamilton,11917.00
Hamlin,1.00
Hampden,948.00
Hampshire,84.00
Hampton,599.00
Hancock,316.00
Hanover,100.00
Hansford,3.00
Hanson,1.00
Haralson,41.00
Hardee,6615.00
Hardeman,81.00
Hardin,257.00
Harding,2.00
Hardy,29.00
Harford,244.00
Harlan,135.00
Harmon,8.00
Harnett,315.00
Harney,9.00
Harper,5.00
Harris,251137.00
Harrison,1069.00
Harrisonburg,40.00
Hart,46.00
Hartford,2713.00
Hartley,3.00
Harvey,10.00
Haskell,35.00
Hawaii,251.00
Hawkins,48.00
Hays,125.00
Haywood,103.00
Heard,5.00
Hemphill,8.00
Hempstead,61.00
Henderson,451.00
Hendricks,19.00
Hendry,17769.00
Hennepin,5343.00
Henrico,722.00
Henry,640.00
Herkimer,27.00
Hernando,33156.00
Hertford,77.00
Hettinger,1.00
Hickman,34.00
Hickory,4.00
Hidalgo,1675.00
Highland,20.00
Highlands,31967.00
Hill,105.00
Hillsborough,437112.00
Hillsdale,35.00
Hinds,6407.00
Hinsdale,6.00
Hitchcock,3.00
Hocking,20.00
Hockley,30.00
Hoke,119.00
Holmes,4738.00
Holt,5.00
Honolulu,2234.00
Hood,39.00
Hood River,17.00
Hopewell,82.00
Hopkins,151.00
Horry,767.00
Hot Spring,74.00
Hot Springs,13.00
Houghton,17.00
Houston,620.00
Howard,496.00
Howell,45.00
Hubbard,13.00
Hudson,2573.00
Hudspeth,11.00
Huerfano,11.00
Hughes,106.00
Humboldt,374.00
Humphreys,44.00
Hunt,200.00
Hunterdon,56.00
Huntingdon,49.00
Huntington,21.00
Huron,40.00
Hutchinson,32.00
Hyde,12.00
Iberia,112.00
Iberville,99.00
Ida,1.00
Idaho,18.00
Imperial,271.00
Independence,54.00
Indian River,27346.00
Indiana,80.00
Ingham,652.00
Inyo,29.00
Ionia,49.00
Iosco,22.00
Iowa,20.00
Iredell,232.00
Irion,5.00
Iron,64.00
Iroquois,5.00
Irwin,20.00
Isabella,36.00
Isanti,8.00
Island,32.00
Isle of Wight,53.00
Itasca,23.00
Itawamba,27.00
Izard,8.00
Jack,12.00
Jackson,44626.00
James City,62.00
Jasper,397.00
Jay,6.00
Jeff Davis,31.00
Jefferson,41139.00
Jefferson Davis,106.00
Jenkins,20.00
Jennings,31.00
Jerome,15.00
Jersey,4.00
Jessamine,28.00
Jewell,2.00
Jim Hogg,4.00
Jim Wells,108.00
Jo Daviess,1.00
Johnson,584.00
Johnston,356.00
Jones,261.00
Josephine,181.00
Juab,2.00
Juneau,1246.00
Juniata,18.00
Kalamazoo,358.00
Kalkaska,11.00
Kanabec,11.00
Kanawha,844.00
Kandiyohi,25.00
Kane,311.00
Kankakee,151.00
Karnes,18.00
Kauai,58.00
Kaufman,210.00
Kay,363.00
Kearney,2.00
Kearny,4.00
Keith,5.00
Kemper,6.00
Kenai Peninsula,15.00
Kendall,33.00
Kenedy,3.00
Kennebec,74.00
Kenosha,178.00
Kent,1679.00
Kenton,139.00
Keokuk,4.00
Kern,4930.00
Kerr,90.00
Kershaw,123.00
Ketchikan Gateway,21.00
Kewaunee,11.00
Keweenaw,1.00
Kimball,2.00
Kimble,9.00
King,6090.00
King and Queen,12.00
King George,31.00
King William,12.00
Kingfisher,10.00
Kingman,2.00
Kings,208.00
Kinney,5.00
Kiowa,26.00
Kit Carson,6.00
Kitsap,188.00
Kittitas,20.00
Kittson,6.00
Klamath,156.00
Kleberg,76.00
Klickitat,27.00
Knott,41.00
Knox,2005.00
Kodiak Island,8.00
Koochiching,4.00
Kootenai,99.00
Kosciusko,21.00
Kossuth,3.00
La Crosse,53.00
La Paz,42.00
La Plata,36.00
La Porte,195.00
La Salle,62.00
Labette,16.00
Lackawanna,126.00
Laclede,39.00
Lafayette,2005.00
Lafourche,188.00
Lagrange,111.00
Lake,74538.00
Lake of the Woods,1.00
Lamar,177.00
Lamb,36.00
Lamoille,19.00
Lampasas,28.00
Lancaster,900.00
Lander,10.00
Lane,355.00
Langlade,9.00
Lanier,16.00
Lapeer,66.00
Laramie,95.00
Larimer,178.00
Larue,12.00
Las Animas,39.00
Lassen,54.00
Latah,30.00
Latimer,31.00
Lauderdale,837.00
Laurel,169.00
Laurens,318.00
Lavaca,34.00
Lawrence,404.00
Le Flore,112.00
Le Sueur,11.00
Lea,202.00
Leake,6.00
Leavenworth,62.00
Lebanon,106.00
Lee,279450.00
Leelanau,6.00
Leflore,252.00
Lehigh,649.00
Lemhi,7.00
Lenawee,56.00
Lenoir,250.00
Leon,101285.00
Leslie,76.00
Letcher,39.00
Levy,4116.00
Lewis,169.00
Lewis and Clark,30.00
Lexington,488.00
Liberty,963.00
Licking,64.00
Limestone,147.00
Lincoln,850.00
Linn,235.00
Lipscomb,2.00
Litchfield,52.00
Little River,23.00
Live Oak,21.00
Livingston,319.00
Llano,23.00
Logan,265.00
Long,16.00
Lonoke,80.00
Lorain,237.00
Los Alamos,8.00
Los Angeles,869135.00
Loudon,34.00
Loudoun,96.00
Louisa,60.00
Loup,1.00
Love,21.00
Lowndes,501.00
Lubbock,1220.00
Lucas,3393.00
Luce,8.00
Lumpkin,27.00
Luna,48.00
Lunenburg,31.00
Luzerne,450.00
Lycoming,79.00
Lyman,1.00
Lynchburg,244.00
Lynn,14.00
Lyon,102.00
Mackinac,7.00
Macomb,681.00
Macon,342.00
Macoupin,5.00
Madera,404.00
Madison,10901.00
Magoffin,24.00
Mahaska,8.00
Mahnomen,6.00
Mahoning,2780.00
Major,5.00
Malheur,37.00
Manassas,46.00
Manassas Park,7.00
Manatee,146101.00
Manistee,18.00
Manitowoc,35.00
Marathon,56.00
Marengo,46.00
Maricopa,53010.00
Maries,5.00
Marin,185.00
Marinette,27.00
Marion,149429.00
Mariposa,33.00
Marlboro,179.00
Marquette,40.00
Marshall,321.00
Martin,31034.00
Martinsville,102.00
Mason,162.00
Massac,7.00
Matagorda,137.00
Matanuska-Susitna,10.00
Mathews,15.00
Maui,112.00
Maury,181.00
Maverick,50.00
Mayes,158.00
McClain,37.00
McCone,1.00
McCook,1.00
McCormick,26.00
McCracken,173.00
McCreary,27.00
McCulloch,11.00
McCurtain,211.00
McDonald,27.00
McDonough,5.00
McDowell,233.00
McDuffie,41.00
McHenry,28.00
McIntosh,77.00
McKean,22.00
McKenzie,6.00
McKinley,132.00
McLean,56.00
McLennan,1039.00
McLeod,12.00
McMinn,86.00
McMullen,2.00
McNairy,15.00
McPherson,10.00
Meade,31.00
Meagher,3.00
Mecklenburg,10670.00
Mecosta,20.00
Medina,104.00
Meeker,8.00
Meigs,21.00
Menard,7.00
Mendocino,248.00
Menifee,7.00
Menominee,31.00
Merced,667.00
Mercer,1812.00
Meriwether,46.00
Merrick,7.00
Merrimack,81.00
Mesa,193.00
Metcalfe,8.00
Miami,89.00
Miami-Dade,187671.00
Middlesex,1339.00
Midland,309.00
Mifflin,24.00
Milam,53.00
Millard,13.00
Mille Lacs,20.00
Miller,173.00
Mills,9.00
Milwaukee,22322.00
Miner,6.00
Mineral,42.00
Mingo,105.00
Minidoka,15.00
Minnehaha,115.00
Missaukee,5.00
Mississippi,317.00
Missoula,57.00
Mitchell,86.00
Mobile,4623.00
Modoc,25.00
Moffat,17.00
Mohave,388.00
Moniteau,5.00
Monmouth,440.00
Mono,7.00
Monona,1.00
Monongalia,72.00
Monroe,25560.00
Montague,33.00
Montcalm,64.00
Monterey,1519.00
Montezuma,39.00
Montgomery,11540.00
Montmorency,15.00
Montour,6.00
Montrose,28.00
Moody,2.00
Moore,203.00
Mora,1.00
Morehouse,73.00
Morgan,362.00
Morris,220.00
Morrison,17.00
Morrow,32.00
Morton,18.00
Motley,4.00
Moultrie,1.00
Mountrail,7.00
Mower,24.00
Muhlenberg,24.00
Multnomah,4168.00
Murray,57.00
Muscatine,34.00
Muscogee,1377.00
Muskegon,261.00
Muskingum,103.00
Muskogee,568.00
Musselshell,3.00
Nacogdoches,139.00
Nantucket,3.00
Napa,121.00
Nash,566.00
Nassau,19960.00
Natchitoches,135.00
Natrona,103.00
Navajo,109.00
Navarro,118.00
Nelson,75.00
Nemaha,7.00
Neosho,8.00
Neshoba,22.00
Nevada,130.00
New Castle,1159.00
New Hanover,451.00
New Haven,2465.00
New Kent,24.00
New London,206.00
New Madrid,26.00
New York,2560664.00
Newaygo,53.00
Newberry,88.00
Newport,51.00
Newport News,1440.00
Newton,345.00
Nez Perce,39.00
Niagara,197.00
Nicholas,40.00
Nicollet,6.00
Niobrara,3.00
Noble,39.00
Nobles,4.00
Nodaway,15.00
Nolan,33.00
Nome,19.00
Norfolk,5177.00
Norman,2.00
North Slope,31.00
Northampton,383.00
Northumberland,69.00
Northwest Arctic,11.00
Norton,11.00
Nottoway,39.00
Nowata,9.00
Noxubee,5.00
Nueces,1971.00
Nye,54.00
O'Brien,5.00
Oakland,1245.00
Obion,40.00
Ocean,281.00
Oceana,30.00
Ochiltree,9.00
Oconee,156.00
Oconto,35.00
Ogemaw,26.00
Ogle,2.00
Oglethorpe,16.00
Ohio,90.00
Okaloosa,29957.00
Okanogan,69.00
Okeechobee,14492.00
Okfuskee,27.00
Oklahoma,17232.00
Okmulgee,122.00
Oktibbeha,52.00
Oldham,47.00
Oliver,1.00
Olmsted,67.00
Oneida,354.00
Onondaga,938.00
Onslow,256.00
Ontario,155.00
Ontonagon,5.00
Orange,696996.00
Orangeburg,554.00
Oregon,20.00
Orleans,92749.00
Osage,95.00
Osborne,2.00
Osceola,78746.00
Oscoda,15.00
Oswego,50.00
Otero,101.00
Otoe,13.00
Otsego,47.00
Ottawa,147.00
Otter Tail,30.00
Ouachita,568.00
Outagamie,60.00
Overton,22.00
Owen,16.00
Owsley,27.00
Owyhee,10.00
Oxford,39.00
Ozark,30.00
Ozaukee,23.00
Pacific,21.00
Page,33.00
Palm Beach,726167.00
Palo Alto,1.00
Palo Pinto,69.00
Pamlico,16.00
Panola,96.00
Park,58.00
Parke,6.00
Parker,121.00
Parmer,11.00
Pasco,156411.00
Pasquotank,77.00
Passaic,1598.00
Patrick,31.00
Paulding,69.00
Pawnee,232.00
Payette,18.00
Payne,77.00
Peach,45.00
Pearl River,39.00
Pecos,44.00
Pembina,8.00
Pemiscot,48.00
Pend Oreille,20.00
Pender,59.00
Pendleton,12.00
Pennington,187.00
Penobscot,127.00
Peoria,200.00
Pepin,3.00
Perkins,1.00
Perquimans,26.00
Perry,356.00
Pershing,15.00
Person,84.00
Petersburg,328.00
Pettis,47.00
Phelps,40.00
Philadelphia,215080.00
Phillips,168.00
Pickaway,28.00
Pickens,209.00
Pickett,5.00
Pierce,2257.00
Pike,471.00
Pima,6200.00
Pinal,516.00
Pine,12.00
Pinellas,359839.00
Piscataquis,18.00
Pitkin,10.00
Pitt,399.00
Pittsburg,91.00
Pittsylvania,165.00
Piute,1.00
Placer,238.00
Plaquemines,62.00
Platte,70.00
Pleasants,9.00
Plumas,49.00
Plymouth,416.00
Pocahontas,28.00
Poinsett,52.00
Pointe Coupee,29.00
Polk,230282.00
Pondera,5.00
Pontotoc,169.00
Pope,79.00
Poquoson,8.00
Portage,105.00
Porter,87.00
Portsmouth,1246.00
Posey,16.00
Pottawatomie,359.00
Pottawattamie,89.00
Potter,983.00
Powder River,1.00
Powell,31.00
Power,10.00
Poweshiek,7.00
Powhatan,29.00
Prairie,18.00
Pratt,5.00
Preble,45.00
Prentiss,9.00
Presidio,23.00
Presque Isle,8.00
Preston,23.00
Price,11.00
Prince Edward,68.00
Prince George,35.00
Prince George's,18948.00
Prince of Wales-Outer Ketchikan,1.00
Prince William,354.00
Providence,1870.00
Prowers,15.00
Pueblo,389.00
Pulaski,7498.00
Pushmataha,43.00
Putnam,30798.00
Quay,19.00
Queen Anne's,42.00
Queens,6.00
Quitman,12.00
Rabun,22.00
Racine,381.00
Radford,10.00
Rains,25.00
Raleigh,1073.00
Ralls,3.00
Ramsey,1457.00
Randall,30.00
Randolph,372.00
Rankin,93.00
Ransom,2.00
Rapides,596.00
Rappahannock,9.00
Ravalli,13.00
Rawlins,1.00
Ray,14.00
Reagan,4.00
Real,12.00
Red Lake,1.00
Red River,59.00
Red Willow,8.00
Redwood,7.00
Reeves,40.00
Refugio,7.00
Reno,49.00
Rensselaer,140.00
Renville,6.00
Repressed,107.00
Republic,4.00
Reynolds,12.00
Rhea,37.00
Rice,30.00
Rich,1.00
Richardson,11.00
Richland,2116.00
Richmond,15474.00
Riley,49.00
Ringgold,2.00
Rio Arriba,31.00
Rio Blanco,13.00
Rio Grande,26.00
Ripley,48.00
Ritchie,28.00
Riverside,7500.00
Roane,105.00
Roanoke,645.00
Roberts,5.00
Robertson,185.00
Robeson,1068.00
Rock,136.00
Rock Island,54.00
Rockbridge,25.00
Rockcastle,64.00
Rockdale,97.00
Rockingham,392.00
Rockland,170.00
Rockwall,29.00
Roger Mills,5.00
Rogers,364.00
Rolette,5.00
Rooks,1.00
Roosevelt,35.00
Roscommon,16.00
Roseau,4.00
Rosebud,5.00
Ross,47.00
Routt,11.00
Rowan,395.00
Runnels,15.00
Rush,8.00
Rusk,155.00
Russell,258.00
Rutherford,322.00
Rutland,27.00
Sabine,61.00
Sac,3.00
Sacramento,10070.00
Sagadahoc,7.00
Saginaw,1387.00
Saguache,17.00
Salem,109.00
Saline,198.00
Salt Lake,1628.00
Saluda,55.00
Sampson,195.00
San Augustine,31.00
San Benito,75.00
San Bernardino,12742.00
San Diego,20807.00
San Francisco,14455.00
San Jacinto,47.00
San Joaquin,5277.00
San Juan,250.00
San Luis Obispo,267.00
San Mateo,1214.00
San Miguel,55.00
San Patricio,120.00
San Saba,23.00
Sanborn,1.00
Sanders,11.00
Sandoval,68.00
Sandusky,37.00
Sangamon,190.00
Sanilac,29.00
Sanpete,9.00
Santa Barbara,499.00
Santa Clara,4647.00
Santa Cruz,497.00
Santa Fe,1491.00
Santa Rosa,27793.00
Sarasota,97478.00
Saratoga,64.00
Sargent,1.00
Sarpy,50.00
Sauk,31.00
Saunders,11.00
Sawyer,22.00
Schenectady,196.00
Schleicher,3.00
Schley,4.00
Schoharie,12.00
Schoolcraft,7.00
Schuyler,18.00
Schuylkill,118.00
Scioto,132.00
Scotland,179.00
Scott,478.00
Scotts Bluff,28.00
Screven,23.00
Scurry,31.00
Searcy,9.00
Sebastian,275.00
Sedgwick,1540.00
Seminole,113205.00
Seneca,41.00
Sequatchie,16.00
Sequoyah,99.00
Sevier,122.00
Seward,59.00
Shackelford,8.00
Shannon,7.00
Sharkey,3.00
Sharp,25.00
Shasta,358.00
Shawano,15.00
Shawnee,480.00
Sheboygan,37.00
Shelby,53423.00
Shenandoah,28.00
Sherburne,24.00
Sheridan,33.00
Sherman,16.00
Shiawassee,30.00
Shoshone,28.00
Sibley,1.00
Sierra,35.00
Silver Bow,30.00
Simpson,69.00
Sioux,9.00
Siskiyou,102.00
Sitka,3.00
Skagit,104.00
Skagway-Hoonah-Angoon,1.00
Skamania,21.00
Smith,673.00
Smyth,75.00
Snohomish,504.00
Snyder,19.00
Socorro,17.00
Solano,1197.00
Somerset,384.00
Somervell,7.00
Sonoma,643.00
Southampton,57.00
Spalding,223.00
Spartanburg,1009.00
Spencer,15.00
Spokane,865.00
Spotsylvania,93.00
St. Bernard,36.00
St. Charles,289.00
St. Clair,2069.00
St. Croix,24.00
St. Francis,138.00
St. Francois,50.00
St. Helena,16.00
St. James,44.00
St. John the Baptist,172.00
St. Johns,37979.00
St. Joseph,1270.00
St. Landry,168.00
St. Lawrence,48.00
St. Louis,1903.00
St. Louis city,55790.00
St. Lucie,120631.00
St. Martin,65.00
St. Mary,158.00
St. Mary's,107.00
St. Tammany,375.00
Stafford,96.00
Stanislaus,1425.00
Stanley,2.00
Stanly,110.00
Stanton,7.00
Stark,721.00
Starke,33.00
Starr,213.00
Staunton,26.00
Ste. Genevieve,33.00
Stearns,63.00
Steele,9.00
Stephens,137.00
Stephenson,23.00
Steuben,80.00
Stevens,56.00
Stewart,22.00
Stillwater,4.00
Stoddard,20.00
Stokes,64.00
Stone,55.00
Stonewall,4.00
Storey,9.00
Story,23.00
Strafford,58.00
Stutsman,10.00
Sublette,18.00
Suffolk,14160.00
Sullivan,394.00
Sully,1.00
Summers,26.00
Summit,1451.00
Sumner,148.00
Sumter,22393.00
Sunflower,80.00
Surry,129.00
Susquehanna,43.00
Sussex,329.00
Sutter,178.00
Sutton,9.00
Suwannee,10494.00
Swain,15.00
Sweet Grass,2.00
Sweetwater,78.00
Swift,3.00
Swisher,18.00
Switzerland,3.00
Talbot,68.00
Taliaferro,8.00
Talladega,121.00
Tallahatchie,4.00
Tallapoosa,135.00
Tama,7.00
Taney,41.00
Tangipahoa,314.00
Taos,92.00
Tarrant,19191.00
Tate,14.00
Tattnall,29.00
Taylor,13925.00
Tazewell,220.00
Tehama,108.00
Telfair,20.00
Teller,33.00
Tensas,15.00
Terrebonne,301.00
Terrell,38.00
Terry,31.00
Teton,15.00
Texas,49.00
Thayer,3.00
Thomas,105.00
Throckmorton,7.00
Thurston,174.00
Tift,137.00
Tillamook,37.00
Tillman,30.00
Tioga,67.00
Tippah,23.00
Tippecanoe,101.00
Tipton,74.00
Tishomingo,18.00
Titus,79.00
Todd,30.00
Tolland,21.00
Tom Green,219.00
Tompkins,58.00
Tooele,46.00
Toole,2.00
Toombs,95.00
Torrance,13.00
Towner,1.00
Towns,6.00
Traill,2.00
Transylvania,32.00
Traverse,2.00
Travis,3849.00
Treasure,1.00
Trego,2.00
Trempealeau,10.00
Treutlen,13.00
Trigg,15.00
Trimble,2.00
Trinity,89.00
Tripp,1.00
Troup,173.00
Trousdale,13.00
Trumbull,243.00
Tucker,9.00
Tulare,1799.00
Tulsa,10358.00
Tunica,32.00
Tuolumne,59.00
Turner,14.00
Tuscaloosa,491.00
Tuscarawas,33.00
Tuscola,31.00
Twiggs,9.00
Twin Falls,67.00
Tyler,53.00
Tyrrell,15.00
Uinta,29.00
Uintah,35.00
Ulster,167.00
Umatilla,105.00
Unicoi,13.00
Union,5860.00
Upshur,103.00
Upson,52.00
Upton,13.00
Utah,164.00
Uvalde,60.00
Val Verde,62.00
Valencia,106.00
Valley,14.00
Van Buren,175.00
Van Wert,12.00
Van Zandt,95.00
Vance,228.00
Vanderburgh,372.00
Venango,47.00
Ventura,1307.00
Vermilion,112.00
Vermillion,6.00
Vernon,179.00
Victoria,275.00
Vigo,130.00
Vilas,18.00
Vinton,19.00
Virginia Beach,1160.00
Volusia,191637.00
Wabash,23.00
Wabasha,3.00
Wabaunsee,3.00
Wadena,7.00
Wagoner,83.00
Wahkiakum,5.00
Wake,1585.00
Wakulla,8824.00
Waldo,32.00
Walker,260.00
Walla Walla,46.00
Waller,96.00
Wallowa,5.00
Walsh,5.00
Walthall,16.00
Walton,20990.00
Walworth,66.00
Wapello,27.00
Ward,69.00
Ware,113.00
Warren,838.00
Warrick,23.00
Wasatch,10.00
Wasco,48.00
Waseca,10.00
Washakie,9.00
Washburn,13.00
Washington,11211.00
Washita,13.00
Washoe,950.00
Washtenaw,406.00
Watauga,42.00
Watonwan,6.00
Waukesha,88.00
Waupaca,22.00
Waushara,10.00
Wayne,390694.00
Waynesboro,33.00
Weakley,43.00
Webb,800.00
Weber,262.00
Webster,233.00
Weld,316.00
Wells,15.00
West Baton Rouge,68.00
West Carroll,11.00
West Feliciana,17.00
Westchester,1314.00
Westmoreland,335.00
Weston,7.00
Wetzel,15.00
Wexford,29.00
Wharton,3663.00
Whatcom,134.00
Wheatland,1.00
Wheeler,22.00
White,184.00
White Pine,30.00
Whiteside,13.00
Whitfield,136.00
Whitley,93.00
Whitman,15.00
Wichita,540.00
Wicomico,214.00
Wilbarger,31.00
Wilcox,61.00
Wilkes,163.00
Wilkin,3.00
Wilkinson,19.00
Will,452.00
Willacy,41.00
Williams,28.00
Williamsburg,192.00
Williamson,262.00
Wilson,456.00
Winchester,24.00
Windham,41.00
Windsor,21.00
Winkler,16.00
Winn,18.00
Winnebago,752.00
Winneshiek,2.00
Winona,18.00
Winston,37.00
Wirt,4.00
Wise,101.00
Wolfe,16.00
Wood,226.00
Woodbury,108.00
Woodford,22.00
Woodruff,14.00
Woods,4.00
Woodson,4.00
Woodward,25.00
Worcester,705.00
Worth,36.00
Wrangell-Petersburg,8.00
Wright,28.00
Wyandot,12.00
Wyandotte,1947.00
Wyoming,109.00
Wythe,32.00
Yadkin,41.00
Yakima,642.00
Yalobusha,27.00
Yamhill,73.00
Yancey,11.00
Yankton,12.00
Yates,6.00
Yavapai,264.00
Yazoo,41.00
Yell,38.00
Yellow Medicine,4.00
Yellowstone,137.00
Yoakum,8.00
Yolo,271.00
York,1074.00
Young,26.00
Yuba,185.00
Yukon-Koyukuk,1.00
Yuma,272.00
Zapata,18.00
Zavala,40.00
